Metric,Value
Accuracy,0.6078040444317858
Precision,0.6063003683806106
Recall,0.6078040444317858
F1 Score,0.6061770200917868
ROC-AUC,0.6370954382285111
