Metric,Value
Accuracy,0.7422386784391911
Precision,0.7433327919567149
Recall,0.7422386784391911
F1 Score,0.7403523854276689
ROC-AUC,0.8314393346481754
